Workbook

Sheet 封面與說明
B2: 警報設定系統 — 測試流程與測試清單
B3: 對象:摯陞 SRP 船隊戰情室監控系統｜功能規格參考:alert_demo.html
B4: 範圍:前端 UI + 後端 API / 排程偵測引擎 / 資料源 / Email 寄送 / 整合 E2E / 非功能
B6: 使用說明
B7: 1. alert_demo.html 為「功能規格參考」,真實系統含後端;清單同時涵蓋前端行為與後端邏輯。
B8: 2. 各分頁「結果」欄以下拉選 未測 / Pass / Fail / Blocked / N/A;Fail 請於「缺陷編號」填單號。
B9: 3. 優先級:P0 阻斷、P1 嚴重、P2 一般、P3 輕微。測試類型:正常 / 邊界 / 異常 / 相容性 / 效能 / 安全。
B10: 4. 建議依「測試流程」分頁的階段順序執行,各階段達退出條件才進入下一階段。
B11: 5. 客戶版 (IS_INTERNAL=false) 與內部版 (IS_INTERNAL=true) 各跑一輪;隱藏欄位 spd_rpm、zone 僅內部版。
B13: 測試進度總覽 (依分頁統計)
B14: 測試分頁 | C14: 案例數 | D14: Pass | E14: Fail | F14: Blocked | G14: 通過率
B15: FE-單元測試 | C15: =COUNTA('FE-單元測試'!A2:A21) -> 20 | D15: =COUNTIF('FE-單元測試'!I2:I21,"Pass") -> 0 | E15: =COUNTIF('FE-單元測試'!I2:I21,"Fail") -> 0 | F15: =COUNTIF('FE-單元測試'!I2:I21,"Blocked") -> 0 | G15: =IF(C15=0,0,D15/C15) -> 0
B16: FE-整合連動 | C16: =COUNTA('FE-整合連動'!A2:A15) -> 14 | D16: =COUNTIF('FE-整合連動'!I2:I15,"Pass") -> 0 | E16: =COUNTIF('FE-整合連動'!I2:I15,"Fail") -> 0 | F16: =COUNTIF('FE-整合連動'!I2:I15,"Blocked") -> 0 | G16: =IF(C16=0,0,D16/C16) -> 0
B17: BE-單元與API | C17: =COUNTA('BE-單元與API'!A2:A17) -> 16 | D17: =COUNTIF('BE-單元與API'!I2:I17,"Pass") -> 0 | E17: =COUNTIF('BE-單元與API'!I2:I17,"Fail") -> 0 | F17: =COUNTIF('BE-單元與API'!I2:I17,"Blocked") -> 0 | G17: =IF(C17=0,0,D17/C17) -> 0
B18: BE-排程偵測引擎 | C18: =COUNTA('BE-排程偵測引擎'!A2:A24) -> 23 | D18: =COUNTIF('BE-排程偵測引擎'!I2:I24,"Pass") -> 0 | E18: =COUNTIF('BE-排程偵測引擎'!I2:I24,"Fail") -> 0 | F18: =COUNTIF('BE-排程偵測引擎'!I2:I24,"Blocked") -> 0 | G18: =IF(C18=0,0,D18/C18) -> 0
B19: BE-資料源接入 | C19: =COUNTA('BE-資料源接入'!A2:A14) -> 13 | D19: =COUNTIF('BE-資料源接入'!I2:I14,"Pass") -> 0 | E19: =COUNTIF('BE-資料源接入'!I2:I14,"Fail") -> 0 | F19: =COUNTIF('BE-資料源接入'!I2:I14,"Blocked") -> 0 | G19: =IF(C19=0,0,D19/C19) -> 0
B20: Email寄送與模板 | C20: =COUNTA(Email寄送與模板!A2:A13) -> 12 | D20: =COUNTIF(Email寄送與模板!I2:I13,"Pass") -> 0 | E20: =COUNTIF(Email寄送與模板!I2:I13,"Fail") -> 0 | F20: =COUNTIF(Email寄送與模板!I2:I13,"Blocked") -> 0 | G20: =IF(C20=0,0,D20/C20) -> 0
B21: 定期報表內容 | C21: =COUNTA(定期報表內容!A2:A15) -> 14 | D21: =COUNTIF(定期報表內容!I2:I15,"Pass") -> 0 | E21: =COUNTIF(定期報表內容!I2:I15,"Fail") -> 0 | F21: =COUNTIF(定期報表內容!I2:I15,"Blocked") -> 0 | G21: =IF(C21=0,0,D21/C21) -> 0
B22: 整合與E2E | C22: =COUNTA(整合與E2E!A2:A8) -> 7 | D22: =COUNTIF(整合與E2E!I2:I8,"Pass") -> 0 | E22: =COUNTIF(整合與E2E!I2:I8,"Fail") -> 0 | F22: =COUNTIF(整合與E2E!I2:I8,"Blocked") -> 0 | G22: =IF(C22=0,0,D22/C22) -> 0
B23: UX操作測試 | C23: =COUNTA(UX操作測試!A2:A12) -> 11 | D23: =COUNTIF(UX操作測試!I2:I12,"Pass") -> 0 | E23: =COUNTIF(UX操作測試!I2:I12,"Fail") -> 0 | F23: =COUNTIF(UX操作測試!I2:I12,"Blocked") -> 0 | G23: =IF(C23=0,0,D23/C23) -> 0
B24: 非功能測試 | C24: =COUNTA(非功能測試!A2:A12) -> 11 | D24: =COUNTIF(非功能測試!I2:I12,"Pass") -> 0 | E24: =COUNTIF(非功能測試!I2:I12,"Fail") -> 0 | F24: =COUNTIF(非功能測試!I2:I12,"Blocked") -> 0 | G24: =IF(C24=0,0,D24/C24) -> 0
B25: 合計 | C25: =SUM(C15:C24) -> 141 | D25: =SUM(D15:D24) -> 0 | E25: =SUM(E15:E24) -> 0 | F25: =SUM(F15:F24) -> 0 | G25: =IF(C25=0,0,D25/C25) -> 0

Sheet 測試流程
A1: 階段 | B1: 目標 | C1: 進入條件 | D1: 主要活動 | E1: 產出物 | F1: 退出條件 | G1: 負責角色
A2: 1. 需求確認與規劃 | B2: 以 alert_demo.html 為功能基準鎖定規格 | C2: 取得參考 Demo 與資料源清單 | D2: 確認警報類型/欄位/觸發/頻率/通知規則;盤點 API 與資料源;撰寫測試計畫與案例 | E2: 測試計畫、測試案例清單 | F2: 案例評審通過、環境就緒 | G2: PM/QA/前後端
A3: 2. 前端單元測試 | B3: 驗證元件與純函式行為 | C3: UI 元件與函式可獨立執行 | D3: 以 jsdom 測試描述函式、連動函式、Email 模板函式 | E3: 前端單測報告 | F3: 覆蓋率達標、無 console error | G3: 前端
A4: 3. 後端單元/API 合約 | B4: 驗證 API 正確性與資料驗證 | C4: API 介面與 schema 凍結 | D4: 單元測試、合約測試、輸入驗證、權限 | E4: 後端單測/合約報告 | F4: 全案例綠、schema 一致 | G4: 後端
A5: 4. 整合測試(前後端) | B5: 驗證前端呼叫後端串接 | C5: 前後端可連通 | D5: 建立/查詢/編輯/刪除警報、Email 預覽 API 串接 | E5: 整合測試報告 | F5: 主流程串接無誤 | G5: 前後端/QA
A6: 5. 排程/偵測引擎 | B6: 驗證排程與觸發判定 | C6: 引擎可注入模擬資料 | D6: 模擬各頻率與觸發條件、誤報抑制、解除通報 | E6: 引擎驗證報告 | F6: 各情境如期觸發、無漏觸/誤觸 | G6: 後端/QA
A7: 6. Email 寄送 | B7: 驗證真實寄送與相容性 | C7: SMTP/寄送服務就緒 | D7: 多客戶端寄送、模板渲染、退信重試 | E7: Email 相容性報告 | F7: 主要客戶端版面正確 | G7: 後端/QA
A8: 7. 系統 / E2E | B8: 驗證完整使用情境 | C8: 整合環境部署完成 | D8: 客戶版/內部版四類警報全鏈路情境 | E8: E2E 測試報告 | F8: 全鏈路情境通過 | G8: QA
A9: 8. UX / 操作測試 | B9: 驗證真實操作體驗 | C9: 可操作的整合環境 | D9: 真人操作、鍵盤、響應式、防呆、錯誤回饋 | E9: UX 缺陷清單 | F9: 無 P0/P1 UX 缺陷 | G9: QA/UX
A10: 9. 非功能測試 | B10: 驗證相容/效能/安全/可靠 | C10: 整合環境與壓測工具 | D10: 跨瀏覽器、負載、安全掃描、故障降級 | E10: 非功能測試報告 | F10: 達非功能指標 | G10: QA/SRE/資安
A11: 10. 回歸與驗收 (UAT) | B11: 確認可交付 | C11: 前述階段缺陷收斂 | D11: 回歸全案例、客戶版/內部版驗收 | E11: 驗收簽核文件 | F11: 缺陷收斂、客戶簽核 | G11: PM/QA/客戶

Sheet FE-單元測試
A1: 編號 | B1: 模組/功能 | C1: 測試項目 | D1: 測試類型 | E1: 前置條件 | F1: 測試步驟 | G1: 預期結果 | H1: 優先級 | I1: 結果 | J1: 缺陷編號 | K1: 備註
A2: U-01 | B2: 三層連動 | C2: 客戶版初始化:預設航次/進出港狀態、系統管理員預設勾選、定時面板顯示 | D2: 正常 | E2: 載入頁面 | F2: 正常 | G2: 預設值與 switchType(voyage) 一致 | H2: P1 | I2: 未測
A3: U-02 | B3: 欄位清單 | C3: 航次客戶版顯示 5 欄位且與提案一致 | D3: 正常 | E3: 客戶版航次 | F3: 檢視欄位下拉 | G3: 進出港/ETA/航線偏移/惡劣海況/船速異常(含RPM),不含限制區域 | H3: P0 | I3: 未測
A4: U-03 | B4: 欄位清單 | C4: Bunker 客戶版顯示 3 欄位且與提案一致 | D4: 正常 | E4: 客戶版 Bunker | F4: 檢視欄位下拉 | G4: 最低庫存/油耗異常偏高/ECA低硫油切換 | H4: P1 | I4: 未測
A5: U-04 | B5: 觸發條件 | C5: buildTrigger 依 parts 產生正確元件數與型別 | D5: 正常 | E5: 切換各欄位 | F5: 切換每個欄位 | G5: label/select/number 數量與型別正確 | H5: P1 | I5: 未測
A6: U-05 | B6: 觸發條件 | C6: select/number 變更同步 state.vals | D6: 正常 | E6: 選定欄位 | F6: 改 select 與輸入數值 | G6: state.vals 與摘要「何時觸發」即時更新 | H6: P1 | I6: 未測
A7: U-06 | B7: 描述函式 | C7: getDetectDescription 四模式輸出格式正確 | D7: 正常 | E7: - | F7: 分別測定時/每天/每周/每月 | G7: 輸出字串符合格式 | H7: P2 | I7: 未測
A8: U-07 | B8: 描述函式 | C8: 偵測頻率空值套用預設 (00:00/6/1) | D8: 邊界 | E8: - | F8: 清空輸入欄 | G8: 回退預設值字串 | H8: P2 | I8: 未測
A9: U-08 | B9: 描述函式 | C9: 每周未選星期顯示「(未選擇)」 | D9: 邊界 | E9: 每周模式 | F9: 取消所有星期 | G9: 顯示(未選擇) | H9: P2 | I9: 未測
A10: U-09 | B10: 描述函式 | C10: getFreqDescription 五模式輸出正確 | D10: 正常 | E10: - | F10: 測 once/repeat/daily-fixed/weekly/monthly | G10: 字串正確含間隔/上限 | H10: P2 | I10: 未測
A11: U-10 | B11: 描述函式 | C11: getScopeDescription:全船隊/單船未選/複選/船員三模式 | D11: 正常/邊界 | E11: - | F11: 切換各範圍 | G11: 全船隊、(未選擇船舶)、以、串接、船員三模式正確 | H11: P2 | I11: 未測
A12: U-11 | B12: 描述函式 | C12: getNotifDescription 四組合與 Mail 未填 | D12: 正常/邊界 | E12: - | F12: 勾選組合切換 | G12: 僅內部/僅Mail/兩者/(未設定)/(未填寫) 正確 | H12: P2 | I12: 未測
A13: U-12 | B13: 頻率預設 | C13: applyFreqPreset 各欄位套用值與 FREQ_PRESETS 一致 | D13: 正常 | E13: - | F13: 逐欄位切換 | G13: 偵測/警報 mode 與子欄位值正確 | H13: P1 | I13: 未測
... A21: U-20 | B21: Email 模板 | C21: 客戶版 aiBlock/actionsBlock 回空字串 | D21: 正常 | E21: IS_INTERNAL=false | F21: 預覽 Email | G21: 無 AI 研判與建議動作區塊 | H21: P1 | I21: 未測

Sheet FE-整合連動
A1: 編號 | B1: 模組/功能 | C1: 測試項目 | D1: 測試類型 | E1: 前置條件 | F1: 測試步驟 | G1: 預期結果 | H1: 優先級 | I1: 結果 | J1: 缺陷編號 | K1: 備註
A2: FI-01 | B2: 類型切換 | C2: 警報類型下拉切換觸發完整連鎖 | D2: 正常 | E2: 任一類型 | F2: 改「警報類型」下拉 | G2: 重建欄位/觸發/套預設/範圍UI/摘要/列表標題 | H2: P0 | I2: 未測
A3: FI-02 | B3: 類型切換 | C3: 介面無頁簽(Tabs),類型僅由下拉切換 | D3: 正常 | E3: 真實版介面 | F3: 檢視畫面頂部 | G3: 無頁簽列;切換僅靠下拉(對齊真實功能) | H3: P2 | I3: 未測
A4: FI-03 | B4: 欄位切換 | C4: 改欄位重建觸發+套預設+摘要+placeholder | D4: 正常 | E4: - | F4: 改警報欄位下拉 | G4: 三者同步更新 | H4: P1 | I4: 未測
A5: FI-04 | B5: 範圍連動 | C5: 全船隊/單船切換顯示船舶複選框 | D5: 正常 | E5: 航次/CII/Bunker | F5: 切到單船 | G5: 複選框顯示;摘要更新 | H5: P1 | I5: 未測
A6: FI-05 | B6: 範圍連動 | C6: 船員型個人/職等顯示對應標籤 | D6: 正常 | E6: 船員類型 | F6: 切換全體/個人/職等 | G6: 對應標籤區顯示;摘要文字改變 | H6: P2 | I6: 未測
A7: FI-06 | B7: 偵測頻率 | C7: mode 切換僅顯示對應子面板 | D7: 正常 | E7: - | F7: 切換四模式 | G7: 僅對應 .mode-sub 顯示 | H7: P1 | I7: 未測
A8: FI-07 | B8: 偵測頻率 | C8: 星期挑選器多選/取消同步描述 | D8: 正常 | E8: 每周模式 | F8: 點多個星期再取消 | G8: 描述以、串接、即時更新 | H8: P2 | I8: 未測
A9: FI-08 | B9: 警報頻率 | C9: mode 切換僅顯示對應子面板 | D9: 正常 | E9: - | F9: 切換五模式 | G9: 僅對應子面板顯示 | H9: P1 | I9: 未測
A10: FI-09 | B10: 通知連動 | C10: 勾選展開區塊並更新摘要通知對象 | D10: 正常 | E10: - | F10: 勾/取消 內部使用者與自訂Mail | G10: 區塊展開/收合;摘要同步 | H10: P1 | I10: 未測
A11: FI-10 | B11: Select2 | C11: ships/users 變更觸發摘要更新 | D11: 正常 | E11: - | F11: 複選船舶/使用者 | G11: 摘要即時反映 | H11: P2 | I11: 未測
A12: FI-11 | B12: Email 預覽 | C12: 串接所有 state 生成 modal 內容 | D12: 正常 | E12: 設定齊全 | F12: 按預覽 Email | G12: 收件人/主旨/內文/觸發時間正確;單船帶船名 | H12: P1 | I12: 未測
A13: FI-12 | B13: Email 預覽 | C13: modal 三種關閉方式 | D13: 正常 | E13: modal 開啟 | F13: 點×/點遮罩/按Esc | G13: 均可關閉 | H13: P2 | I13: 未測
... A15: FI-14 | B15: 啟用時間 | C15: 日期選擇正確帶入摘要/送出 | D15: 正常 | E15: - | F15: 改啟用日期 | G15: 值正確 | H15: P3 | I15: 未測

Sheet BE-單元與API
A1: 編號 | B1: 模組/功能 | C1: 測試項目 | D1: 測試類型 | E1: 前置條件 | F1: 測試步驟 | G1: 預期結果 | H1: 優先級 | I1: 結果 | J1: 缺陷編號 | K1: 備註
A2: B-01 | B2: 警報 API | C2: POST /alerts 必填驗證 (type/field/trigger/scope/notify) | D2: 異常 | E2: - | F2: 缺欄位送出 | G2: 回 400/422 並指出缺漏欄位 | H2: P0 | I2: 未測
A3: B-02 | B3: 警報 API | C3: 觸發數值型別與範圍驗證 (正整數;月日 1–28) | D3: 邊界 | E3: - | F3: 送 0/負數/29/非數字 | G3: 拒絕並提示 | H3: P0 | I3: 未測
A4: B-03 | B4: 警報 API | C4: scope=ships 須至少一艘船 | D4: 異常 | E4: - | F4: 單船但未選船送出 | G4: 拒絕 | H4: P1 | I4: 未測
A5: B-04 | B5: 警報 API | C5: notify 至少一個有效收件人 | D5: 異常 | E5: - | F5: 皆未設定收件人送出 | G5: 拒絕 | H5: P1 | I5: 未測
A6: B-05 | B6: 警報 API | C6: 自訂 Mail 後端格式驗證 | D6: 邊界 | E6: - | F6: 送非法 email | G6: 拒絕並指出無效項 | H6: P1 | I6: 未測
A7: B-06 | B7: 版本/權限 | C7: 客戶版不外洩內部專屬內容 (AI 研判/設計理由/詳細說明) | D7: 安全 | E7: 客戶版 | F7: 檢視介面與 Email | G7: 僅內部版顯示,客戶版一律隱藏 | H7: P1 | I7: 未測
A8: B-07 | B8: 權限 | C8: 未授權/跨租戶存取他人警報 | D8: 安全 | E8: - | F8: 改 ID 存取他人資源 | G8: 回 401/403,無資料外洩 | H8: P0 | I8: 未測
A9: B-08 | B9: 警報 API | C9: 回傳警報 ID 格式正確且唯一 | D9: 正常 | E9: - | F9: 連續建立 | G9: ID 唯一、格式一致 | H9: P2 | I9: 未測
A10: B-09 | B10: CRUD | C10: 查詢/更新/停用/刪除警報 | D10: 正常 | E10: 已有警報 | F10: 逐一操作 | G10: 狀態正確、資料一致 | H10: P1 | I10: 未測
A11: B-10 | B11: 合約 | C11: 回應 schema 欄位/型別/必填符合合約 | D11: 正常 | E11: - | F11: 比對 schema | G11: 一致 | H11: P1 | I11: 未測
A12: B-11 | B12: 基礎資料 API | C12: GET ships/users/crew 清單正確分頁/搜尋 | D12: 正常 | E12: - | F12: 查詢含分頁/關鍵字 | G12: 資料與分頁正確 | H12: P2 | I12: 未測
A13: B-12 | B13: 狀態碼 | C13: 各情境狀態碼正確 (200/201/400/401/403/404/409/422/500) | D13: 正常/異常 | E13: - | F13: 觸發各情境 | G13: 狀態碼符合預期 | H13: P2 | I13: 未測
... A17: B-16 | B17: 預覽 API | C17: POST 預覽 回傳 subject/body 與設定一致 | D17: 正常 | E17: - | F17: 送各欄位設定 | G17: 內容正確 | H17: P2 | I17: 未測

Sheet BE-排程偵測引擎
A1: 編號 | B1: 模組/功能 | C1: 測試項目 | D1: 測試類型 | E1: 前置條件 | F1: 測試步驟 | G1: 預期結果 | H1: 優先級 | I1: 結果 | J1: 缺陷編號 | K1: 備註
A2: S-01 | B2: 偵測-定時 | C2: 進出港:每 6 分鐘比對即時與表定差異 | D2: 正常 | E2: 航次 gate | F2: 注入時間推進 | G2: 每 6 分鐘掃描 (依提案) | H2: P0 | I2: 未測
A3: S-02 | B3: 偵測-每天 | C3: 每天指定時間執行一次 | D3: 正常 | E3: 每天警報 | F3: 跨多日推進 | G3: 每日僅一次、時間正確 | H3: P1 | I3: 未測
A4: S-03 | B4: 偵測-每周 | C4: 指定多星期+時間執行 | D4: 正常 | E4: 每周多選 | F4: 跨週推進 | G4: 僅選定星期觸發 | H4: P1 | I4: 未測
A5: S-04 | B5: 偵測-每月 | C5: 每月第 N 天執行;小月不存在天數策略 | D5: 邊界 | E5: 每月 N=28~31 | F5: 跨 2 月/小月 | G5: 明確且一致的處理 | H5: P1 | I5: 未測
A6: S-05 | B6: 頻率分離 | C6: 偵測頻率與警報頻率獨立運作 | D6: 正常 | E6: 偵測≠警報 | F6: 觸發後觀察發送 | G6: 偵測判定與發送節奏各自正確 | H6: P1 | I6: 未測
A7: S-06 | B7: 警報-once | C7: 觸發後僅發一次,事件再發生才重觸 | D7: 正常 | E7: gate/sea | F7: 條件持續→消失→再現 | G7: 僅一次、再現才重發 | H7: P1 | I7: 未測
A8: S-07 | B8: 警報-repeat | C8: 每 N 重複,達 max 次停止 | D8: 正常 | E8: eta(max3) | F8: 條件持續 | G8: 達 3 次後停止 | H8: P1 | I8: 未測
A9: S-08 | B9: 警報-彙整 | C9: daily-fixed/weekly/monthly 彙整報告 | D9: 正常 | E9: cert/age/svc/cii | F9: 到排程時點 | G9: 於設定時點發彙整 | H9: P1 | I9: 未測
A10: S-09 | B10: 預設落實 | C10: 各欄位偵測/警報預設與「客戶提案」一致 | D10: 正常 | E10: - | F10: 逐欄位建立採預設 | G10: 進出港6分/ETA15分/偏移15分/海況6時/船速1時/庫存15分(+船報更新)/船員每日檢查週一報 | H10: P1 | I10: 未測
A11: S-10 | B11: 觸發-gate | C11: 地理圍欄 point-in-polygon,連續 2–3 點確認 | D11: 正常/異常 | E11: 航次 gate | F11: 注入越界/抖動軌跡 | G11: 正確進出港、抖動不誤報 | H11: P0 | I11: 未測
A12: S-11 | B12: 觸發-eta | C12: 偵測每15分;ETA 落入前/後 N 小時門檻觸發;警報每隔1小時限3次 | D12: 正常 | E12: 航次 eta | F12: 注入 ETA 序列 | G12: 每15分比對、門檻內觸發、限3次 | H12: P1 | I12: 未測
A13: S-12 | B13: 觸發-off | C13: 偵測每15分;偏離航線 > N 海浬觸發;警報每30分至回到航線 | D13: 正常 | E13: 航次 off | F13: 注入偏航軌跡 | G13: 每15分比對 GPS、超門檻觸發、回正停止 | H13: P1 | I13: 未測
... A24: S-21 | B24: 效能 | C24: 多船多警報高併發吞吐 | D24: 效能 | E24: 大量警報 | F24: 壓力注入 | G24: 在 SLA 內完成掃描與發送 | H24: P2 | I24: 未測

Sheet BE-資料源接入
A1: 編號 | B1: 模組/功能 | C1: 測試項目 | D1: 測試類型 | E1: 前置條件 | F1: 測試步驟 | G1: 預期結果 | H1: 優先級 | I1: 結果 | J1: 缺陷編號 | K1: 備註
A2: D-01 | B2: AIS/GPS | C2: 位置資料接入 (15–60 秒) 與每 5 分鐘整理 | D2: 正常 | E2: - | F2: 接入即時資料 | G2: 資料落地正確、頻率符合 | H2: P1 | I2: 未測
A3: D-02 | B3: AIS/GPS | C3: 斷線/缺漏/異常座標清洗 | D3: 異常 | E3: - | F3: 注入缺漏/跳點 | G3: 缺漏標記、異常過濾 | H3: P1 | I3: 未測
A4: D-03 | B4: ETA 演算法 | C4: 摯陞 ETA 輸出接入供 eta 警報 | D4: 正常 | E4: - | F4: 取演算法輸出 | G4: 數值正確帶入 | H4: P2 | I4: 未測
A5: D-04 | B5: 計畫航線 | C5: VPS 計畫航線供 off 警報 | D5: 正常 | E5: - | F5: 載入航線 | G5: XTD 基準正確 | H5: P2 | I5: 未測
A6: D-05 | B6: 氣象預報 | C6: ECMWF/GFS 接入並對齊 6h 更新 | D6: 正常 | E6: - | F6: 取預報網格 | G6: 對應位置/時間查得值 | H6: P2 | I6: 未測
A7: D-06 | B7: 船端午報 | C7: T+1 油耗/ROB 入帳供 bunker/CII | D7: 正常 | E7: - | F7: 匯入午報 | G7: 延遲入帳正確、不即時誤判 | H7: P1 | I7: 未測
A8: D-07 | B8: RPM 資料 | C8: Engine Datalogger RPM 供船速異常(含RPM)雙因子判定 | D8: 正常 | E8: - | F8: 接入 RPM | G8: RPM 接入正確、雙因子判定可用 | H8: P1 | I8: 未測
A9: D-08 | B9: 性能曲線 | C9: baseline (6 個月校準) 供 high 偏差 | D9: 正常 | E9: - | F9: 載入曲線 | G9: 偏差基準正確 | H9: P2 | I9: 未測
A10: D-09 | B10: 排放因子 | C10: IMO DCS 排放因子表供 CII | D10: 正常 | E10: - | F10: 載入因子表 | G10: CII 計算採正確因子 | H10: P1 | I10: 未測
A11: D-10 | B11: 人事系統 | C11: HRM 證書/生日/登離船供船員警報 | D11: 正常 | E11: - | F11: 同步 HRM | G11: 資料正確、定期同步 | H11: P1 | I11: 未測
A12: D-11 | B12: 資料源故障 | C12: 外部源/CDN 故障時降級 | D12: 異常 | E12: - | F12: 模擬源失效 | G12: 降級且不崩潰、有告警 | H12: P1 | I12: 未測
A13: D-12 | B13: 時間戳 | C13: 各源 UTC/LT 一致性 | D13: 邊界 | E13: - | F13: 比對時間戳 | G13: 時區換算一致 | H13: P1 | I13: 未測
A14: D-13 | B14: PII 保護 | C14: 船員生日/證書等個資保護 | D14: 安全 | E14: - | F14: 檢視儲存/傳輸 | G14: 加密/最小揭露/存取控管 | H14: P0 | I14: 未測

Sheet Email寄送與模板
A1: 編號 | B1: 模組/功能 | C1: 測試項目 | D1: 測試類型 | E1: 前置條件 | F1: 測試步驟 | G1: 預期結果 | H1: 優先級 | I1: 結果 | J1: 缺陷編號 | K1: 備註
A2: E-01 | B2: 模板生成 | C2: 各欄位模板生成 subject/body 無錯 | D2: 正常 | E2: - | F2: 逐欄位預覽/寄送 | G2: 皆能生成、無未定義 | H2: P1 | I2: 未測
A3: E-02 | B3: 收件人 | C3: 內部使用者+自訂 Mail 合併去重 | D3: 正常 | E3: - | F3: 兩者皆設定含重複 | G3: 合併去重、地址正確 | H3: P1 | I3: 未測
A4: E-03 | B4: 相容性 | C4: Gmail 版面正確 | D4: 相容性 | E4: - | F4: 實際寄送 Gmail | G4: table/inline CSS 不破版 | H4: P1 | I4: 未測
A5: E-04 | B5: 相容性 | C5: Outlook 桌面 / Web 版面正確 | D5: 相容性 | E5: - | F5: 寄送 Outlook | G5: 版面正確 | H5: P1 | I5: 未測
A6: E-05 | B6: 相容性 | C6: Thunderbird / 行動裝置版面正確 | D6: 相容性 | E6: - | F6: 寄送驗證 | G6: 版面正確 | H6: P2 | I6: 未測
A7: E-06 | B7: 解除連結 | C7: 僅持續發送類含連結且 token 正確可點 | D7: 正常 | E7: 重複類 | F7: 檢視/點連結 | G7: 連結正確、可解除 | H7: P1 | I7: 未測
A8: E-07 | B8: 變數帶入 | C8: 船名/數值/時間等變數正確 | D8: 正常 | E8: - | F8: 比對內容 | G8: 變數值正確 | H8: P1 | I8: 未測
A9: E-08 | B9: 版本差異 | C9: 內部版顯示 AI 研判/建議動作;客戶版隱藏 | D9: 正常 | E9: - | F9: 兩版各寄一封 | G9: 顯示/隱藏正確 | H9: P1 | I9: 未測
A10: E-09 | B10: 寄送可靠 | C10: 寄送失敗重試與退信處理 | D10: 異常 | E10: - | F10: 模擬失敗/退信 | G10: 重試、記錄、不漏發 | H10: P1 | I10: 未測
A11: E-10 | B11: 送達率 | C11: SPF/DKIM/DMARC 設定避免進垃圾信 | D11: 相容性 | E11: - | F11: 寄至多服務商 | G11: 進收件匣 | H11: P2 | I11: 未測
A12: E-11 | B12: 編碼 | C12: 中文主旨/內文編碼正確 | D12: 正常 | E12: - | F12: 含中文寄送 | G12: 無亂碼 | H12: P2 | I12: 未測
A13: E-12 | B13: 安全 | C13: 收件人/內容注入防護 | D13: 安全 | E13: - | F13: 含 payload 設定寄送 | G13: 無郵件注入/標頭注入 | H13: P0 | I13: 未測

Sheet 定期報表內容
A1: 編號 | B1: 模組/功能 | C1: 測試項目 | D1: 測試類型 | E1: 前置條件 | F1: 測試步驟 | G1: 預期結果 | H1: 優先級 | I1: 結果 | J1: 缺陷編號 | K1: 備註
A2: R-01 | B2: CII月報 | C2: 報表於每月1日08:00重算後產出 | D2: 正常 | E2: CII 警報 | F2: 到月初時點 | G2: 08:00 重算後產出月報 | H2: P1 | I2: 未測
A3: R-02 | B3: CII月報 | C3: 高風險船舶清單欄位齊全 | D3: 正常 | E3: - | F3: 檢視報表 | G3: 含 船舶/目前評等(YTD)/預測明年評等/降級年份預警/狀態說明 | H3: P1 | I3: 未測
A4: R-03 | B4: CII月報 | C4: 降級年份預警計算正確 | D4: 正常 | E4: - | F4: 檢視高風險船 | G4: 顯示「預計 20XX 年降至 X 級」且年份正確 | H4: P1 | I4: 未測
A5: R-04 | B5: CII月報 | C5: 改善建議-節省燃油計算 | D5: 正常 | E5: - | F5: 檢視改善建議 | G5: 「每月需額外節省 X 噸燃油」計算正確 | H5: P1 | I5: 未測
A6: R-05 | B6: CII月報 | C6: 改善建議-增加航行計算 | D6: 正常 | E6: - | F6: 檢視改善建議 | G6: 「需增加航行 Y 海浬」計算正確 | H6: P1 | I6: 未測
A7: R-06 | B7: Bunker月報 | C7: 油耗異常船舶清單欄位齊全 | D7: 正常 | E7: Bunker high | F7: 檢視報表 | G7: 含 上月(MT/NM)/歷史平均/異常增幅/關聯狀態 | H7: P1 | I7: 未測
A8: R-07 | B8: Bunker月報 | C8: 異常增幅% 計算正確 | D8: 正常 | E8: - | F8: 比對數值 | G8: 增幅 =(上月-歷史平均)/歷史平均,與門檻比對 | H8: P1 | I8: 未測
A9: R-08 | B9: Bunker月報 | C9: 關聯 CII 狀態正確帶入 | D9: 正常 | E9: - | F9: 檢視關聯狀態 | G9: 如「本月 CII 已降至 D 級」正確顯示 | H9: P2 | I9: 未測
A10: R-09 | B10: 船員週報 | C10: 同時產出船隊報表與各船報表 | D10: 正常 | E10: 船員警報 | F10: 檢視週報 | G10: 兩種報表皆產出且資料對應 | H10: P1 | I10: 未測
A11: R-10 | B11: 船員週報 | C11: 證書到期表欄位與狀態正確 | D11: 正常 | E11: cert | F11: 檢視證書表 | G11: 含 船舶/職級/姓名/證書/到期日/狀態(剩餘X天/逾期X天) | H11: P1 | I11: 未測
A12: R-11 | B12: 船員週報 | C12: 任職超時表計算正確 | D12: 正常 | E12: svc | F12: 檢視任職表 | G12: 上船日期/累計在船天數/超門檻狀態正確 | H12: P1 | I12: 未測
A13: R-12 | B13: 船員週報 | C13: 年齡警示表計算正確 | D13: 正常 | E13: age | F13: 檢視年齡表 | G13: 出生年月日/目前年齡/達警示狀態正確 | H13: P1 | I13: 未測
... A15: R-14 | B15: 報表呈現 | C15: 狀態圖示/門檻標示正確 | D15: 正常 | E15: - | F15: 檢視各報表 | G15: ⚠️/❌ 等標示與門檻一致 | H15: P3 | I15: 未測

Sheet 整合與E2E
A1: 編號 | B1: 模組/功能 | C1: 測試項目 | D1: 測試類型 | E1: 前置條件 | F1: 測試步驟 | G1: 預期結果 | H1: 優先級 | I1: 結果 | J1: 缺陷編號 | K1: 備註
A2: T-01 | B2: 全鏈路 | C2: 建立警報→儲存→排程→模擬觸發→Email 送達 | D2: 正常 | E2: 整合環境 | F2: 航次 eta 完整情境 | G2: 全鏈路通過、收到正確 Email | H2: P0 | I2: 未測
A3: T-02 | B3: 客戶版情境 | C3: 航次/CII/Bunker/船員 各一條完整流程 | D3: 正常 | E3: 客戶版 | F3: 四類各跑一次 | G3: 皆正確觸發與發送 | H3: P0 | I3: 未測
A4: T-03 | B4: 內部版情境 | C4: 含隱藏欄位與 AI 研判完整流程 | D4: 正常 | E4: 內部版 | F4: spd_rpm/zone 情境 | G4: 觸發與內部版內容正確 | H4: P1 | I4: 未測
A5: T-04 | B5: 變更同步 | C5: 編輯/停用/刪除後排程即時同步 | D5: 正常 | E5: 已上線警報 | F5: 改設定/停用/刪除 | G5: 排程行為同步更新 | H5: P1 | I5: 未測
A6: T-05 | B6: 解除流程 | C6: 點解除→後續不再收到 | D6: 正常 | E6: 重複類警報 | F6: 解除後等待下次 | G6: 不再發送 | H6: P1 | I6: 未測
A7: T-06 | B7: 資料隔離 | C7: 多使用者/多船隊資料隔離 | D7: 安全 | E7: 多租戶 | F7: 互查資料 | G7: 僅見授權範圍 | H7: P0 | I7: 未測
A8: T-07 | B8: 設定對應 | C8: 設定變更後 Email 內容對應更新 | D8: 正常 | E8: - | F8: 改門檻後觸發 | G8: Email 反映新設定 | H8: P2 | I8: 未測

Sheet UX操作測試
A1: 編號 | B1: 模組/功能 | C1: 測試項目 | D1: 測試類型 | E1: 前置條件 | F1: 測試步驟 | G1: 預期結果 | H1: 優先級 | I1: 結果 | J1: 缺陷編號 | K1: 備註
A2: X-01 | B2: 即時回饋 | C2: 執行摘要即時更新、無延遲/閃爍 | D2: 正常 | E2: - | F2: 連續改設定 | G2: 即時且穩定 | H2: P2 | I2: 未測
A3: X-02 | B3: 提示 | C3: 警報名稱 placeholder 動態提示 | D3: 正常 | E3: - | F3: 切換設定 | G3: 提示同步 | H3: P3 | I3: 未測
A4: X-03 | B4: 鍵盤 | C4: 自訂 Mail:Enter/逗號新增、Backspace 刪除、失焦加入 | D4: 正常 | E4: 自訂 Mail | F4: 逐一操作 | G4: 行為正確 | H4: P2 | I4: 未測
A5: X-04 | B5: 鍵盤 | C5: Email 預覽可按 Esc 關閉 | D5: 正常 | E5: modal 開 | F5: 按 Esc | G5: 關閉 | H5: P3 | I5: 未測
A6: X-05 | B6: Select2 | C6: 搜尋/複選/清除/查無結果 | D6: 正常 | E6: - | F6: 操作下拉 | G6: 功能與「查無結果」正確 | H6: P2 | I6: 未測
A7: X-06 | B7: 響應式 | C7: 寬度<900px 轉單欄、不溢出 | D7: 相容性 | E7: - | F7: 縮窄視窗 | G7: 單欄、複選框不溢出 | H7: P2 | I7: 未測
A8: X-07 | B8: 視覺 | C8: 暗色主題文字/輸入對比足夠 | D8: 正常 | E8: - | F8: 檢視可讀性 | G8: 對比達標 | H8: P3 | I8: 未測
A9: X-08 | B9: 防呆 | C9: 非法 email 即時提示 (Demo 未做,需補) | D9: 異常 | E9: 自訂 Mail | F9: 輸入非法值 | G9: 阻擋/提示 | H9: P1 | I9: 未測
A10: X-09 | B10: 防呆 | C10: 未選船/未填收件人/未選星期送出阻擋 | D10: 異常 | E10: - | F10: 缺項按 Confirm | G10: 阻擋並明確提示 | H10: P1 | I10: 未測
A11: X-10 | B11: 回饋 | C11: 儲存載入狀態回饋 (loading/成功/失敗) | D11: 正常 | E11: - | F11: 建立/儲存 | G11: 有明確狀態回饋 | H11: P2 | I11: 未測
A12: X-11 | B12: 防呆 | C12: 表單未存離開提示 | D12: 正常 | E12: 已修改未存 | F12: 離開頁面 | G12: 提示是否放棄 | H12: P3 | I12: 未測

Sheet 非功能測試
A1: 編號 | B1: 模組/功能 | C1: 測試項目 | D1: 測試類型 | E1: 前置條件 | F1: 測試步驟 | G1: 預期結果 | H1: 優先級 | I1: 結果 | J1: 缺陷編號 | K1: 備註
A2: N-01 | B2: 相容性 | C2: Chrome/Edge/Firefox/Safari 主流版本 | D2: 相容性 | E2: - | F2: 各瀏覽器走查 | G2: 行為一致 | H2: P1 | I2: 未測
A3: N-02 | B3: 相容性 | C3: CDN (jQuery/Select2) 載入失敗降級 | D3: 異常 | E3: - | F3: 阻擋 CDN | G3: 降級或明確錯誤、不白頁 | H3: P2 | I3: 未測
A4: N-03 | B4: 效能 | C4: 大量船舶/使用者下拉渲染流暢 | D4: 效能 | E4: 大資料 | F4: 開啟複選 | G4: 渲染與搜尋流暢 | H4: P2 | I4: 未測
A5: N-04 | B5: 效能 | C5: 排程引擎多警報吞吐與延遲 | D5: 效能 | E5: 壓測 | F5: 負載注入 | G5: 達吞吐/延遲 SLA | H5: P1 | I5: 未測
A6: N-05 | B6: 效能 | C6: Email 批量寄送速率 | D6: 效能 | E6: 大量收件人 | F6: 批量寄送 | G6: 在限速內完成 | H6: P2 | I6: 未測
A7: N-06 | B7: 安全 | C7: 認證/授權;客戶版不可存取內部欄位/API | D7: 安全 | E7: - | F7: 越權嘗試 | G7: 一律拒絕 | H7: P0 | I7: 未測
A8: N-07 | B8: 安全 | C8: 解除通報 token 不可預測且防濫用 | D8: 安全 | E8: - | F8: 猜測/重放 token | G8: 無效/限流 | H8: P1 | I8: 未測
A9: N-08 | B9: 安全 | C9: 傳輸加密 (HTTPS/TLS) | D9: 安全 | E9: - | F9: 檢視連線 | G9: 全程加密 | H9: P1 | I9: 未測
A10: N-09 | B10: 可靠性 | C10: 排程錯過補償機制 | D10: 異常 | E10: - | F10: 模擬停機 | G10: 依策略補償 | H10: P1 | I10: 未測
A11: N-10 | B11: 可靠性 | C11: 資料源故障降級與告警 | D11: 異常 | E11: - | F11: 源失效 | G11: 降級+告警 | H11: P1 | I11: 未測
A12: N-11 | B12: 可靠性 | C12: 寄送重試與稽核紀錄 | D12: 異常 | E12: - | F12: 寄送失敗 | G12: 重試且可稽核 | H12: P2 | I12: 未測
